"","Chi-square","Df","p-value"
"Shannon",35.6895488477767,5,1.0957564911223e-06
"Chao1",41.9510873093152,5,6.02618872092673e-08
"Pielou",30.0619604024667,5,1.43401424521794e-05
